1,2021-08-02 20:29:51.552237,-78.6961088,35.7272779,0.0010000,1
2,2021-08-02 20:29:51.754418,-78.6961088,35.7272779,0.0010000,1
3,2021-08-02 20:29:51.958462,-78.6961088,35.7272779,0.0010000,1
4,2021-08-02 20:29:52.156921,-78.6961088,35.7272779,0.0010000,1
5,2021-08-02 20:29:52.354274,-78.6961088,35.7272779,0.0010000,1
6,2021-08-02 20:29:52.553959,-78.6961088,35.7272779,0.0010000,1
7,2021-08-02 20:29:52.764440,-78.6961088,35.7272779,0.0010000,1
8,2021-08-02 20:29:52.967684,-78.6961088,35.7272779,0.0010000,1
9,2021-08-02 20:29:53.164637,-78.6961088,35.7272779,0.0010000,1
10,2021-08-02 20:29:53.359591,-78.6961088,35.7272779,0.0010000,1
11,2021-08-02 20:29:53.564630,-78.6961088,35.7272779,0.0010000,1
12,2021-08-02 20:29:53.763979,-78.6961088,35.7272779,0.0010000,1
13,2021-08-02 20:29:53.970449,-78.6961088,35.7272779,0.0010000,1
14,2021-08-02 20:29:54.168799,-78.6961088,35.7272779,0.0010000,1
15,2021-08-02 20:29:54.366510,-78.6961088,35.7272779,0.0010000,1
16,2021-08-02 20:29:54.564075,-78.6961088,35.7272779,0.0010529,1
17,2021-08-02 20:29:54.769443,-78.6961088,35.7272779,0.0012582,1
18,2021-08-02 20:29:54.970476,-78.6961088,35.7272779,0.0014592,1
19,2021-08-02 20:29:55.169128,-78.6961088,35.7272779,0.0016578,1
20,2021-08-02 20:29:55.368847,-78.6961088,35.7272779,0.0018575,1
21,2021-08-02 20:29:55.569481,-78.6961088,35.7272779,0.0020000,1
22,2021-08-02 20:29:55.775832,-78.6961088,35.7272779,0.0020000,1
23,2021-08-02 20:29:55.964012,-78.6961088,35.7272779,0.0020000,1
24,2021-08-02 20:29:56.162173,-78.6961088,35.7272779,0.0020000,1
25,2021-08-02 20:29:56.370292,-78.6961088,35.7272779,0.0020000,1
26,2021-08-02 20:29:56.572597,-78.6961088,35.7272779,0.0020000,1
27,2021-08-02 20:29:56.773363,-78.6961088,35.7272779,0.0020000,1
28,2021-08-02 20:29:56.977544,-78.6961088,35.7272779,0.0020000,1
29,2021-08-02 20:29:57.173745,-78.6961088,35.7272779,0.0020000,1
30,2021-08-02 20:29:57.375702,-78.6961088,35.7272779,0.0020000,1
31,2021-08-02 20:29:57.574959,-78.6961088,35.7272779,0.0020000,1
32,2021-08-02 20:29:57.780584,-78.6961088,35.7272779,0.0020000,1
33,2021-08-02 20:29:57.986675,-78.6961088,35.7272779,0.0020000,1
34,2021-08-02 20:29:58.172212,-78.6961088,35.7272779,0.0020000,1
35,2021-08-02 20:29:58.377359,-78.6961088,35.7272779,0.0020000,1
36,2021-08-02 20:29:58.578448,-78.6961088,35.7272779,0.0020000,1
37,2021-08-02 20:29:58.779283,-78.6961088,35.7272779,0.0020000,1
38,2021-08-02 20:29:58.978766,-78.6961088,35.7272779,0.0020000,1
39,2021-08-02 20:29:59.180716,-78.6961088,35.7272779,0.0020000,1
40,2021-08-02 20:29:59.392260,-78.6961088,35.7272779,0.0020000,1
41,2021-08-02 20:29:59.583147,-78.6961088,35.7272779,0.0066641,1
42,2021-08-02 20:29:59.790614,-78.6961088,35.7272779,0.0205522,1
43,2021-08-02 20:29:59.980289,-78.6961088,35.7272779,0.0332492,1
44,2021-08-02 20:30:00.182919,-78.6961088,35.7272779,0.0468135,1
45,2021-08-02 20:30:00.379337,-78.6961088,35.7272779,0.0599619,1
46,2021-08-02 20:30:00.590986,-78.6961089,35.7272780,0.1642059,1
47,2021-08-02 20:30:00.792955,-78.6961091,35.7272782,0.4151213,1
48,2021-08-02 20:30:00.994496,-78.6961093,35.7272784,0.6655053,1
49,2021-08-02 20:30:01.197101,-78.6961096,35.7272786,0.9172109,1
50,2021-08-02 20:30:01.392684,-78.6961098,35.7272788,1.1601926,1
51,2021-08-02 20:30:01.587821,-78.6961100,35.7272790,1.4530440,1
52,2021-08-02 20:30:01.798163,-78.6961103,35.7272792,1.8597653,1
53,2021-08-02 20:30:01.985863,-78.6961106,35.7272794,2.2227058,1
54,2021-08-02 20:30:02.184229,-78.6961108,35.7272796,2.6062701,1
55,2021-08-02 20:30:02.396102,-78.6961111,35.7272799,3.0159520,1
56,2021-08-02 20:30:02.600459,-78.6961113,35.7272800,3.4318064,1
57,2021-08-02 20:30:02.789244,-78.6961112,35.7272799,3.8431854,1
58,2021-08-02 20:30:02.995572,-78.6961111,35.7272799,4.2927929,1
59,2021-08-02 20:30:03.195723,-78.6961110,35.7272798,4.7289397,1
60,2021-08-02 20:30:03.393000,-78.6961109,35.7272797,5.1588235,1
61,2021-08-02 20:30:03.595811,-78.6961109,35.7272797,5.6102687,1
62,2021-08-02 20:30:03.796751,-78.6961107,35.7272796,6.0722170,1
63,2021-08-02 20:30:04.005184,-78.6961106,35.7272795,6.5513908,1
64,2021-08-02 20:30:04.204115,-78.6961105,35.7272794,7.0087203,1
65,2021-08-02 20:30:04.409831,-78.6961104,35.7272793,7.4816483,1
66,2021-08-02 20:30:04.602038,-78.6961103,35.7272792,7.9294733,1
67,2021-08-02 20:30:04.803420,-78.6961103,35.7272792,8.4066083,1
68,2021-08-02 20:30:05.001568,-78.6961103,35.7272792,8.8760807,1
69,2021-08-02 20:30:05.198230,-78.6961102,35.7272792,9.3420321,1
70,2021-08-02 20:30:05.412564,-78.6961102,35.7272792,9.8498539,1
71,2021-08-02 20:30:05.604653,-78.6961102,35.7272792,10.3089415,1
72,2021-08-02 20:30:05.806540,-78.6961103,35.7272792,10.7964955,1
73,2021-08-02 20:30:06.002173,-78.6961103,35.7272792,11.2689458,1
74,2021-08-02 20:30:06.205014,-78.6961103,35.7272793,11.7588035,1
75,2021-08-02 20:30:06.402391,-78.6961104,35.7272793,12.2354655,1
76,2021-08-02 20:30:06.607575,-78.6961104,35.7272793,12.7331653,1
77,2021-08-02 20:30:06.805898,-78.6961105,35.7272794,13.2169548,1
78,2021-08-02 20:30:07.000400,-78.6961105,35.7272794,13.6914237,1
79,2021-08-02 20:30:07.198798,-78.6961106,35.7272794,14.1753958,1
80,2021-08-02 20:30:07.399570,-78.6961107,35.7272795,14.6651596,1
81,2021-08-02 20:30:07.602618,-78.6961107,35.7272795,15.1616965,1
82,2021-08-02 20:30:07.803588,-78.6961107,35.7272795,15.6548853,1
83,2021-08-02 20:30:08.007821,-78.6961107,35.7272795,16.1560823,1
84,2021-08-02 20:30:08.213086,-78.6961107,35.7272794,16.6598109,1
85,2021-08-02 20:30:08.411319,-78.6961107,35.7272794,17.1462836,1
86,2021-08-02 20:30:08.613027,-78.6961107,35.7272794,17.6424829,1
87,2021-08-02 20:30:08.815805,-78.6961106,35.7272794,18.1427338,1
88,2021-08-02 20:30:09.010344,-78.6961106,35.7272794,18.6226597,1
89,2021-08-02 20:30:09.230241,-78.6961106,35.7272794,19.1651434,1
90,2021-08-02 20:30:09.441337,-78.6961105,35.7272794,19.6859151,1
91,2021-08-02 20:30:09.616561,-78.6961105,35.7272794,20.1189516,1
92,2021-08-02 20:30:09.821547,-78.6961105,35.7272794,20.6262866,1
93,2021-08-02 20:30:10.016954,-78.6961105,35.7272794,21.1099134,1
94,2021-08-02 20:30:10.207841,-78.6961105,35.7272794,21.5823535,1
95,2021-08-02 20:30:10.417365,-78.6961105,35.7272794,22.1009201,1
96,2021-08-02 20:30:10.633007,-78.6961105,35.7272794,22.6354341,1
97,2021-08-02 20:30:10.810289,-78.6961105,35.7272794,23.0754942,1
98,2021-08-02 20:30:11.023674,-78.6961106,35.7272793,23.6051721,1
99,2021-08-02 20:30:11.218571,-78.6961106,35.7272793,24.0889574,1
100,2021-08-02 20:30:11.429345,-78.6961106,35.7272793,24.6121537,1
101,2021-08-02 20:30:11.622136,-78.6961106,35.7272793,25.0911551,1
102,2021-08-02 20:30:11.827778,-78.6961106,35.7272793,25.6025290,1
103,2021-08-02 20:30:12.017904,-78.6961106,35.7272793,26.0753189,1
104,2021-08-02 20:30:12.223372,-78.6961106,35.7272794,26.5862600,1
105,2021-08-02 20:30:12.421618,-78.6961106,35.7272794,27.0792422,1
106,2021-08-02 20:30:12.619727,-78.6961106,35.7272794,27.5717306,1
107,2021-08-02 20:30:12.825715,-78.6961106,35.7272794,28.0836389,1
108,2021-08-02 20:30:13.016850,-78.6961106,35.7272794,28.5586349,1
109,2021-08-02 20:30:13.216552,-78.6961107,35.7272795,29.0549214,1
110,2021-08-02 20:30:13.425073,-78.6961107,35.7272795,29.5731239,1
111,2021-08-02 20:30:13.622524,-78.6961107,35.7272795,30.0642275,1
112,2021-08-02 20:30:13.830284,-78.6961107,35.7272795,30.5814096,1
113,2021-08-02 20:30:14.016187,-78.6961107,35.7272795,31.0441820,1
114,2021-08-02 20:30:14.219054,-78.6961108,35.7272796,31.5491838,1
115,2021-08-02 20:30:14.431310,-78.6961108,35.7272796,32.0775576,1
116,2021-08-02 20:30:14.628874,-78.6961108,35.7272796,32.5695593,1
117,2021-08-02 20:30:14.833033,-78.6961109,35.7272796,33.0781735,1
118,2021-08-02 20:30:15.033744,-78.6961109,35.7272797,33.5781978,1
119,2021-08-02 20:30:15.235643,-78.6961109,35.7272797,34.0811812,1
120,2021-08-02 20:30:15.438275,-78.6961110,35.7272797,34.5859916,1
121,2021-08-02 20:30:15.634358,-78.6961110,35.7272797,35.0749303,1
122,2021-08-02 20:30:15.833692,-78.6961110,35.7272797,35.5723464,1
123,2021-08-02 20:30:16.033406,-78.6961111,35.7272797,36.0707102,1
124,2021-08-02 20:30:16.232672,-78.6961111,35.7272797,36.5679562,1
125,2021-08-02 20:30:16.435153,-78.6961111,35.7272797,37.0732250,1
126,2021-08-02 20:30:16.625157,-78.6961111,35.7272797,37.5473136,1
127,2021-08-02 20:30:16.825765,-78.6961111,35.7272797,38.0478148,1
128,2021-08-02 20:30:17.031729,-78.6961111,35.7272798,38.5616797,1
129,2021-08-02 20:30:17.227889,-78.6961111,35.7272798,39.0510843,1
130,2021-08-02 20:30:17.444706,-78.6961111,35.7272798,39.5920261,1
131,2021-08-02 20:30:17.627672,-78.6961111,35.7272798,40.0483208,1
132,2021-08-02 20:30:17.839131,-78.6961112,35.7272798,40.5754903,1
133,2021-08-02 20:30:18.041444,-78.6961112,35.7272799,41.0798582,1
134,2021-08-02 20:30:18.242429,-78.6961112,35.7272799,41.5809154,1
135,2021-08-02 20:30:18.445466,-78.6961113,35.7272799,42.0870884,1
136,2021-08-02 20:30:18.645501,-78.6961113,35.7272799,42.5858691,1
137,2021-08-02 20:30:18.848607,-78.6961113,35.7272799,43.0923748,1
138,2021-08-02 20:30:19.038506,-78.6961113,35.7272800,43.5659444,1
139,2021-08-02 20:30:19.238500,-78.6961113,35.7272800,44.0646892,1
140,2021-08-02 20:30:19.438255,-78.6961113,35.7272800,44.5628376,1
141,2021-08-02 20:30:19.636497,-78.6961113,35.7272800,45.0492725,1
142,2021-08-02 20:30:19.839124,-78.6961113,35.7272800,45.5395111,1
143,2021-08-02 20:30:20.046564,-78.6961114,35.7272800,46.0413947,1
144,2021-08-02 20:30:20.248123,-78.6961114,35.7272800,46.5290491,1
145,2021-08-02 20:30:20.449152,-78.6961114,35.7272800,47.0154217,1
146,2021-08-02 20:30:20.648570,-78.6961114,35.7272800,47.4199063,1
147,2021-08-02 20:30:20.842075,-78.6961115,35.7272800,47.7594629,1
148,2021-08-02 20:30:21.051581,-78.6961116,35.7272801,48.1270970,1
149,2021-08-02 20:30:21.253072,-78.6961116,35.7272801,48.4806672,1
150,2021-08-02 20:30:21.440595,-78.6961117,35.7272801,48.8097265,1
151,2021-08-02 20:30:21.651790,-78.6961123,35.7272801,49.0516790,1
152,2021-08-02 20:30:21.852270,-78.6961133,35.7272801,49.1882979,1
153,2021-08-02 20:30:22.058640,-78.6961144,35.7272800,49.3289307,1
154,2021-08-02 20:30:22.254010,-78.6961154,35.7272800,49.4620673,1
155,2021-08-02 20:30:22.454962,-78.6961164,35.7272800,49.5990079,1
156,2021-08-02 20:30:22.646940,-78.6961183,35.7272800,49.6737136,1
157,2021-08-02 20:30:22.855109,-78.6961210,35.7272799,49.7119577,1
158,2021-08-02 20:30:23.059672,-78.6961237,35.7272798,49.7495393,1
159,2021-08-02 20:30:23.260595,-78.6961263,35.7272798,49.7864521,1
160,2021-08-02 20:30:23.458287,-78.6961289,35.7272797,49.8227713,1
161,2021-08-02 20:30:23.656483,-78.6961325,35.7272796,49.8448312,1
162,2021-08-02 20:30:23.856950,-78.6961369,35.7272793,49.8578329,1
163,2021-08-02 20:30:24.062963,-78.6961414,35.7272791,49.8711942,1
164,2021-08-02 20:30:24.261221,-78.6961457,35.7272788,49.8840526,1
165,2021-08-02 20:30:24.458241,-78.6961500,35.7272786,49.8968307,1
166,2021-08-02 20:30:24.657236,-78.6961555,35.7272786,49.9048568,1
167,2021-08-02 20:30:24.868308,-78.6961621,35.7272788,49.9099116,1
168,2021-08-02 20:30:25.059047,-78.6961681,35.7272790,49.9144795,1
169,2021-08-02 20:30:25.259977,-78.6961745,35.7272792,49.9192915,1
170,2021-08-02 20:30:25.462333,-78.6961808,35.7272794,49.9241376,1
171,2021-08-02 20:30:25.666073,-78.6961882,35.7272796,49.9277620,1
172,2021-08-02 20:30:25.856807,-78.6961957,35.7272798,49.9304298,1
173,2021-08-02 20:30:26.061410,-78.6962038,35.7272800,49.9332917,1
174,2021-08-02 20:30:26.265008,-78.6962118,35.7272802,49.9361395,1
175,2021-08-02 20:30:26.458762,-78.6962194,35.7272803,49.9388495,1
176,2021-08-02 20:30:26.665326,-78.6962281,35.7272804,49.9407453,1
177,2021-08-02 20:30:26.871042,-78.6962372,35.7272805,49.9419785,1
178,2021-08-02 20:30:27.073382,-78.6962462,35.7272806,49.9431915,1
179,2021-08-02 20:30:27.265498,-78.6962547,35.7272806,49.9443433,1
180,2021-08-02 20:30:27.462589,-78.6962634,35.7272807,49.9455248,1
181,2021-08-02 20:30:27.667757,-78.6962729,35.7272807,49.9467550,1
182,2021-08-02 20:30:27.868607,-78.6962824,35.7272807,49.9479594,1
183,2021-08-02 20:30:28.076134,-78.6962922,35.7272807,49.9492038,1
184,2021-08-02 20:30:28.276062,-78.6963017,35.7272807,49.9504027,1
185,2021-08-02 20:30:28.478537,-78.6963113,35.7272807,49.9516169,1
186,2021-08-02 20:30:28.676337,-78.6963209,35.7272807,49.9532030,1
187,2021-08-02 20:30:28.877298,-78.6963308,35.7272807,49.9550085,1
188,2021-08-02 20:30:29.079532,-78.6963408,35.7272806,49.9568254,1
189,2021-08-02 20:30:29.267786,-78.6963501,35.7272806,49.9585167,1
190,2021-08-02 20:30:29.477748,-78.6963604,35.7272806,49.9604031,1
191,2021-08-02 20:30:29.680656,-78.6963706,35.7272806,49.9622276,1
192,2021-08-02 20:30:29.879034,-78.6963807,35.7272805,49.9640121,1
193,2021-08-02 20:30:30.088593,-78.6963913,35.7272804,49.9658972,1
194,2021-08-02 20:30:30.278792,-78.6964010,35.7272804,49.9676081,1
195,2021-08-02 20:30:30.477505,-78.6964111,35.7272803,49.9693956,1
196,2021-08-02 20:30:30.684238,-78.6964217,35.7272803,49.9708370,1
197,2021-08-02 20:30:30.883171,-78.6964320,35.7272802,49.9720301,1
198,2021-08-02 20:30:31.088556,-78.6964426,35.7272802,49.9732619,1
199,2021-08-02 20:30:31.291312,-78.6964530,35.7272802,49.9744780,1
200,2021-08-02 20:30:31.477472,-78.6964626,35.7272801,49.9755946,1
201,2021-08-02 20:30:31.681418,-78.6964732,35.7272801,49.9766812,1
202,2021-08-02 20:30:31.889994,-78.6964842,35.7272800,49.9777234,1
203,2021-08-02 20:30:32.081303,-78.6964942,35.7272800,49.9786792,1
204,2021-08-02 20:30:32.290841,-78.6965052,35.7272800,49.9797262,1
205,2021-08-02 20:30:32.484016,-78.6965153,35.7272799,49.9806913,1
206,2021-08-02 20:30:32.682421,-78.6965258,35.7272799,49.9815462,1
207,2021-08-02 20:30:32.893382,-78.6965370,35.7272798,49.9823895,1
208,2021-08-02 20:30:33.097188,-78.6965478,35.7272797,49.9832041,1
209,2021-08-02 20:30:33.286163,-78.6965579,35.7272797,49.9839596,1
210,2021-08-02 20:30:33.490151,-78.6965687,35.7272796,49.9847750,1
211,2021-08-02 20:30:33.693268,-78.6965796,35.7272796,49.9850000,1
212,2021-08-02 20:30:33.892195,-78.6965902,35.7272795,49.9850000,1
213,2021-08-02 20:30:34.092824,-78.6966010,35.7272794,49.9850000,1
214,2021-08-02 20:30:34.292765,-78.6966117,35.7272794,49.9850000,1
215,2021-08-02 20:30:34.487748,-78.6966221,35.7272793,49.9850000,1
216,2021-08-02 20:30:34.693500,-78.6966332,35.7272793,49.9854386,1
217,2021-08-02 20:30:34.892606,-78.6966439,35.7272792,49.9860356,1
218,2021-08-02 20:30:35.105669,-78.6966554,35.7272791,49.9866746,1
219,2021-08-02 20:30:35.293398,-78.6966656,35.7272791,49.9872376,1
220,2021-08-02 20:30:35.494212,-78.6966764,35.7272790,49.9878398,1
221,2021-08-02 20:30:35.711733,-78.6966882,35.7272790,49.9881638,1
222,2021-08-02 20:30:35.895452,-78.6966982,35.7272790,49.9883472,1
223,2021-08-02 20:30:36.111374,-78.6967099,35.7272789,49.9885628,1
224,2021-08-02 20:30:36.294776,-78.6967199,35.7272789,49.9887458,1
225,2021-08-02 20:30:36.497409,-78.6967309,35.7272789,49.9889481,1
226,2021-08-02 20:30:36.701591,-78.6967420,35.7272789,49.9893042,1
227,2021-08-02 20:30:36.900431,-78.6967529,35.7272789,49.9897015,1
228,2021-08-02 20:30:37.102372,-78.6967639,35.7272788,49.9901050,1
229,2021-08-02 20:30:37.308246,-78.6967751,35.7272788,49.9905164,1
230,2021-08-02 20:30:37.511203,-78.6967862,35.7272788,49.9909220,1
231,2021-08-02 20:30:37.703422,-78.6967967,35.7272788,49.9911530,1
232,2021-08-02 20:30:37.914588,-78.6968083,35.7272788,49.9913640,1
233,2021-08-02 20:30:38.114394,-78.6968192,35.7272788,49.9915636,1
234,2021-08-02 20:30:38.311127,-78.6968300,35.7272788,49.9917602,1
235,2021-08-02 20:30:38.511244,-78.6968410,35.7272788,49.9919601,1
236,2021-08-02 20:30:38.716568,-78.6968523,35.7272788,49.9920000,1
237,2021-08-02 20:30:38.922343,-78.6968636,35.7272788,49.9920000,1
238,2021-08-02 20:30:39.118598,-78.6968743,35.7272787,49.9920000,1
239,2021-08-02 20:30:39.319434,-78.6968854,35.7272787,49.9920000,1
240,2021-08-02 20:30:39.506688,-78.6968956,35.7272787,49.9920000,1
241,2021-08-02 20:30:39.711089,-78.6969069,35.7272787,49.9920000,1
242,2021-08-02 20:30:39.925410,-78.6969187,35.7272787,49.9920000,1
243,2021-08-02 20:30:40.120080,-78.6969294,35.7272787,49.9920000,1
244,2021-08-02 20:30:40.323367,-78.6969406,35.7272787,49.9920000,1
245,2021-08-02 20:30:40.521000,-78.6969514,35.7272787,49.9920000,1
246,2021-08-02 20:30:40.712576,-78.6969620,35.7272787,49.9920000,1
247,2021-08-02 20:30:40.911188,-78.6969729,35.7272787,49.9920000,1
248,2021-08-02 20:30:41.109559,-78.6969839,35.7272788,49.9920000,1
249,2021-08-02 20:30:41.315167,-78.6969952,35.7272788,49.9920000,1
250,2021-08-02 20:30:41.516237,-78.6970063,35.7272788,49.9920000,1
251,2021-08-02 20:30:41.718971,-78.6970175,35.7272788,49.9923288,1
252,2021-08-02 20:30:41.921081,-78.6970286,35.7272788,49.9927327,1
253,2021-08-02 20:30:42.125657,-78.6970398,35.7272789,49.9931415,1
254,2021-08-02 20:30:42.323556,-78.6970507,35.7272789,49.9935369,1
255,2021-08-02 20:30:42.527544,-78.6970620,35.7272789,49.9939446,1
256,2021-08-02 20:30:42.716117,-78.6970724,35.7272789,49.9943214,1
257,2021-08-02 20:30:42.934161,-78.6970844,35.7272789,49.9947572,1
258,2021-08-02 20:30:43.134725,-78.6970955,35.7272790,49.9951580,1
259,2021-08-02 20:30:43.320846,-78.6971057,35.7272790,49.9955300,1
260,2021-08-02 20:30:43.521998,-78.6971168,35.7272790,49.9959320,1
261,2021-08-02 20:30:43.726873,-78.6971281,35.7272790,49.9960000,1
262,2021-08-02 20:30:43.928308,-78.6971393,35.7272790,49.9960000,1
263,2021-08-02 20:30:44.143373,-78.6971511,35.7272791,49.9960000,1
264,2021-08-02 20:30:44.329860,-78.6971614,35.7272791,49.9960000,1
265,2021-08-02 20:30:44.532813,-78.6971727,35.7272791,49.9960000,1
266,2021-08-02 20:30:44.734809,-78.6971838,35.7272791,49.9960000,1
267,2021-08-02 20:30:44.935875,-78.6971949,35.7272791,49.9960000,1
268,2021-08-02 20:30:45.137570,-78.6972061,35.7272792,49.9960000,1
269,2021-08-02 20:30:45.333472,-78.6972169,35.7272792,49.9960000,1
270,2021-08-02 20:30:45.533330,-78.6972280,35.7272792,49.9960000,1
271,2021-08-02 20:30:45.734795,-78.6972391,35.7272792,49.9963539,1
272,2021-08-02 20:30:45.944267,-78.6972507,35.7272792,49.9967722,1
273,2021-08-02 20:30:46.142087,-78.6972616,35.7272793,49.9971673,1
274,2021-08-02 20:30:46.339119,-78.6972725,35.7272793,49.9975607,1
275,2021-08-02 20:30:46.538996,-78.6972835,35.7272793,49.9979599,1
276,2021-08-02 20:30:46.744144,-78.6972948,35.7272793,49.9980000,1
277,2021-08-02 20:30:46.945381,-78.6973059,35.7272793,49.9980000,1
278,2021-08-02 20:30:47.149539,-78.6973172,35.7272794,49.9980000,1
279,2021-08-02 20:30:47.335130,-78.6973275,35.7272794,49.9980000,1
280,2021-08-02 20:30:47.537371,-78.6973386,35.7272794,49.9980000,1
281,2021-08-02 20:30:47.743328,-78.6973500,35.7272794,49.9983658,1
282,2021-08-02 20:30:47.938582,-78.6973608,35.7272794,49.9987556,1
283,2021-08-02 20:30:48.150450,-78.6973725,35.7272794,49.9991786,1
284,2021-08-02 20:30:48.348567,-78.6973835,35.7272794,49.9995741,1
285,2021-08-02 20:30:48.544925,-78.6973944,35.7272794,49.9999661,1
286,2021-08-02 20:30:48.746732,-78.6974055,35.7272794,50.0000000,1
287,2021-08-02 20:30:48.947187,-78.6974166,35.7272794,50.0000000,1
288,2021-08-02 20:30:49.145024,-78.6974276,35.7272795,50.0000000,1
289,2021-08-02 20:30:49.349919,-78.6974389,35.7272795,50.0000000,1
290,2021-08-02 20:30:49.555572,-78.6974503,35.7272795,50.0000000,1
291,2021-08-02 20:30:49.758100,-78.6974615,35.7272795,50.0003907,1
292,2021-08-02 20:30:49.946925,-78.6974720,35.7272795,50.0007683,1
293,2021-08-02 20:30:50.158919,-78.6974837,35.7272796,50.0011921,1
294,2021-08-02 20:30:50.355170,-78.6974946,35.7272796,50.0015845,1
295,2021-08-02 20:30:50.554385,-78.6975056,35.7272796,50.0019828,1
296,2021-08-02 20:30:50.755753,-78.6975167,35.7272796,50.0021925,1
297,2021-08-02 20:30:50.953732,-78.6975277,35.7272796,50.0023903,1
298,2021-08-02 20:30:51.152703,-78.6975387,35.7272796,50.0025890,1
299,2021-08-02 20:30:51.353045,-78.6975497,35.7272796,50.0027890,1
300,2021-08-02 20:30:51.557031,-78.6975610,35.7272796,50.0029928,1
301,2021-08-02 20:30:51.750774,-78.6975717,35.7272796,50.0030000,1
302,2021-08-02 20:30:51.950856,-78.6975828,35.7272796,50.0030000,1
303,2021-08-02 20:30:52.159561,-78.6975943,35.7272796,50.0030000,1
304,2021-08-02 20:30:52.356971,-78.6976053,35.7272796,50.0030000,1
305,2021-08-02 20:30:52.561888,-78.6976166,35.7272796,50.0030000,1
306,2021-08-02 20:30:52.762533,-78.6976277,35.7272796,50.0028031,1
307,2021-08-02 20:30:52.965490,-78.6976389,35.7272796,50.0026004,1
308,2021-08-02 20:30:53.162002,-78.6976498,35.7272797,50.0024041,1
309,2021-08-02 20:30:53.363109,-78.6976609,35.7272797,50.0022032,1
310,2021-08-02 20:30:53.565418,-78.6976721,35.7272797,50.0020011,1
311,2021-08-02 20:30:53.763497,-78.6976831,35.7272797,50.0018033,1
312,2021-08-02 20:30:53.964253,-78.6976942,35.7272797,50.0016028,1
313,2021-08-02 20:30:54.162070,-78.6977051,35.7272797,50.0014053,1
314,2021-08-02 20:30:54.365470,-78.6977164,35.7272797,50.0012022,1
315,2021-08-02 20:30:54.563983,-78.6977274,35.7272797,50.0010039,1
316,2021-08-02 20:30:54.793313,-78.6977401,35.7272797,50.0010000,1
317,2021-08-02 20:30:54.962729,-78.6977495,35.7272798,50.0010000,1
318,2021-08-02 20:30:55.195124,-78.6977623,35.7272798,50.0010000,1
319,2021-08-02 20:30:55.397112,-78.6977735,35.7272799,50.0010000,1
320,2021-08-02 20:30:55.570705,-78.6977831,35.7272799,50.0009966,1
321,2021-08-02 20:30:55.764321,-78.6977938,35.7272799,50.0006096,1
322,2021-08-02 20:30:55.962902,-78.6978048,35.7272799,50.0002128,1
323,2021-08-02 20:31:32.569502,-78.6976000,35.7273033,49.9970937,1
324,2021-08-02 20:31:32.770189,-78.6975890,35.7273035,49.9968306,1
325,2021-08-02 20:31:32.984224,-78.6975771,35.7273037,49.9966167,1
326,2021-08-02 20:31:33.175276,-78.6975666,35.7273039,49.9964257,1
327,2021-08-02 20:31:33.377886,-78.6975554,35.7273041,49.9962232,1
328,2021-08-02 20:31:33.577614,-78.6975444,35.7273043,49.9960236,1
329,2021-08-02 20:31:33.775629,-78.6975335,35.7273045,49.9961743,1
330,2021-08-02 20:31:33.991459,-78.6975215,35.7273047,49.9963900,1
331,2021-08-02 20:31:34.180608,-78.6975111,35.7273049,49.9965790,1
332,2021-08-02 20:31:34.381587,-78.6975000,35.7273052,49.9967799,1
333,2021-08-02 20:31:34.581577,-78.6974889,35.7273054,49.9969797,1
334,2021-08-02 20:31:34.778417,-78.6974781,35.7273056,49.9971763,1
335,2021-08-02 20:31:34.992961,-78.6974662,35.7273058,49.9973905,1
336,2021-08-02 20:31:35.194482,-78.6974551,35.7273061,49.9975918,1
337,2021-08-02 20:31:35.384686,-78.6974446,35.7273063,49.9977817,1
338,2021-08-02 20:31:35.580504,-78.6974339,35.7273065,49.9979773,1
339,2021-08-02 20:31:35.785999,-78.6974225,35.7273067,49.9976349,1
340,2021-08-02 20:31:35.986139,-78.6974114,35.7273069,49.9972350,1
341,2021-08-02 20:31:36.184313,-78.6974005,35.7273071,49.9968391,1
342,2021-08-02 20:31:36.389201,-78.6973892,35.7273074,49.9964297,1
343,2021-08-02 20:31:36.586325,-78.6973783,35.7273076,49.9960359,1
344,2021-08-02 20:31:36.783723,-78.6973674,35.7273078,49.9958206,1
345,2021-08-02 20:31:36.993848,-78.6973558,35.7273080,49.9956106,1
346,2021-08-02 20:31:37.194450,-78.6973447,35.7273082,49.9954100,1
347,2021-08-02 20:31:37.393105,-78.6973338,35.7273084,49.9952114,1
348,2021-08-02 20:31:37.597331,-78.6973225,35.7273086,49.9950073,1
349,2021-08-02 20:31:37.794988,-78.6973116,35.7273088,49.9953805,1
350,2021-08-02 20:31:37.992395,-78.6973007,35.7273090,49.9957750,1
351,2021-08-02 20:31:38.189246,-78.6972899,35.7273092,49.9961684,1
352,2021-08-02 20:31:38.398730,-78.6972783,35.7273094,49.9965871,1
353,2021-08-02 20:31:38.597021,-78.6972674,35.7273096,49.9969834,1
354,2021-08-02 20:31:38.795745,-78.6972564,35.7273098,49.9971903,1
355,2021-08-02 20:31:38.999543,-78.6972451,35.7273100,49.9973940,1
356,2021-08-02 20:31:39.190090,-78.6972346,35.7273102,49.9975845,1
357,2021-08-02 20:31:39.399758,-78.6972230,35.7273104,49.9977941,1
358,2021-08-02 20:31:39.597064,-78.6972121,35.7273106,49.9979913,1
359,2021-08-02 20:31:39.799443,-78.6972009,35.7273108,49.9983869,1
360,2021-08-02 20:31:40.003942,-78.6971896,35.7273110,49.9987954,1
361,2021-08-02 20:31:40.203369,-78.6971787,35.7273113,49.9991937,1
362,2021-08-02 20:31:40.392158,-78.6971682,35.7273115,49.9995708,1
363,2021-08-02 20:31:40.597598,-78.6971569,35.7273117,49.9999811,1
364,2021-08-02 20:31:40.794378,-78.6971461,35.7273119,50.0001870,1
365,2021-08-02 20:31:41.008498,-78.6971343,35.7273121,50.0004008,1
366,2021-08-02 20:31:41.198002,-78.6971238,35.7273123,50.0005899,1
367,2021-08-02 20:31:41.394439,-78.6971130,35.7273125,50.0007860,1
368,2021-08-02 20:31:41.601502,-78.6971016,35.7273127,50.0009928,1
369,2021-08-02 20:31:41.806466,-78.6970903,35.7273129,50.0008025,1
370,2021-08-02 20:31:42.002143,-78.6970795,35.7273131,50.0006070,1
371,2021-08-02 20:31:42.208274,-78.6970681,35.7273134,50.0004011,1
372,2021-08-02 20:31:42.402242,-78.6970574,35.7273136,50.0002073,1
373,2021-08-02 20:31:42.609590,-78.6970459,35.7273138,50.0000002,1
374,2021-08-02 20:31:42.814491,-78.6970346,35.7273140,50.0002046,1
375,2021-08-02 20:31:43.008942,-78.6970239,35.7273142,50.0003990,1
376,2021-08-02 20:31:43.208520,-78.6970129,35.7273144,50.0005984,1
377,2021-08-02 20:31:43.407260,-78.6970019,35.7273146,50.0007971,1
378,2021-08-02 20:31:43.610000,-78.6969907,35.7273148,50.0009997,1
379,2021-08-02 20:31:43.806454,-78.6969799,35.7273150,50.0008040,1
380,2021-08-02 20:31:44.018426,-78.6969682,35.7273152,50.0005921,1
381,2021-08-02 20:31:44.202292,-78.6969581,35.7273155,50.0004084,1
382,2021-08-02 20:31:44.413899,-78.6969465,35.7273157,50.0001969,1
383,2021-08-02 20:31:44.612497,-78.6969355,35.7273159,50.0000000,1
384,2021-08-02 20:31:44.811345,-78.6969245,35.7273161,50.0000000,1
385,2021-08-02 20:31:45.006508,-78.6969137,35.7273163,50.0000000,1
386,2021-08-02 20:31:45.220154,-78.6969019,35.7273165,50.0000000,1
387,2021-08-02 20:31:45.420310,-78.6968909,35.7273167,50.0000000,1
388,2021-08-02 20:31:45.609219,-78.6968804,35.7273169,50.0000000,1
389,2021-08-02 20:31:45.809941,-78.6968693,35.7273171,49.9996032,1
390,2021-08-02 20:31:46.008458,-78.6968584,35.7273173,49.9992065,1
391,2021-08-02 20:31:46.225608,-78.6968464,35.7273175,49.9987726,1
392,2021-08-02 20:31:46.410294,-78.6968362,35.7273177,49.9984035,1
393,2021-08-02 20:31:46.610941,-78.6968252,35.7273179,49.9980026,1
394,2021-08-02 20:31:46.813734,-78.6968140,35.7273181,49.9977986,1
395,2021-08-02 20:31:47.022082,-78.6968025,35.7273183,49.9975903,1
396,2021-08-02 20:31:47.224857,-78.6967913,35.7273185,49.9973876,1
397,2021-08-02 20:31:47.427994,-78.6967801,35.7273187,49.9971845,1
398,2021-08-02 20:31:47.613144,-78.6967699,35.7273189,49.9970000,1
399,2021-08-02 20:31:47.811697,-78.6967590,35.7273191,49.9970000,1
400,2021-08-02 20:31:48.022530,-78.6967474,35.7273193,49.9970000,1
401,2021-08-02 20:31:48.231404,-78.6967359,35.7273195,49.9970000,1
402,2021-08-02 20:31:48.429152,-78.6967250,35.7273197,49.9970000,1
403,2021-08-02 20:31:48.613748,-78.6967149,35.7273199,49.9970000,1
404,2021-08-02 20:31:48.820256,-78.6967035,35.7273201,49.9974123,1
405,2021-08-02 20:31:49.026866,-78.6966921,35.7273204,49.9978250,1
406,2021-08-02 20:31:49.229977,-78.6966809,35.7273206,49.9982307,1
407,2021-08-02 20:31:49.427264,-78.6966701,35.7273208,49.9986247,1
408,2021-08-02 20:31:49.624891,-78.6966592,35.7273210,49.9990195,1
409,2021-08-02 20:31:49.827458,-78.6966480,35.7273212,49.9994244,1
410,2021-08-02 20:31:50.020101,-78.6966374,35.7273214,49.9998094,1
411,2021-08-02 20:31:50.226042,-78.6966260,35.7273216,50.0002211,1
412,2021-08-02 20:31:50.422933,-78.6966151,35.7273218,50.0006146,1
413,2021-08-02 20:31:50.636889,-78.6966033,35.7273220,50.0009789,1
414,2021-08-02 20:31:50.825401,-78.6965929,35.7273222,50.0007908,1
415,2021-08-02 20:31:51.024143,-78.6965820,35.7273224,50.0005924,1
416,2021-08-02 20:31:51.243391,-78.6965699,35.7273227,50.0003736,1
417,2021-08-02 20:31:51.435797,-78.6965592,35.7273229,50.0001816,1
418,2021-08-02 20:31:51.636405,-78.6965482,35.7273231,50.0000000,1
419,2021-08-02 20:31:51.823155,-78.6965378,35.7273233,50.0000000,1
420,2021-08-02 20:31:52.029840,-78.6965264,35.7273236,50.0000000,1
421,2021-08-02 20:31:52.231778,-78.6965152,35.7273238,50.0000000,1
422,2021-08-02 20:31:52.432920,-78.6965041,35.7273240,50.0000000,1
423,2021-08-02 20:31:52.631171,-78.6964931,35.7273242,50.0000000,1
424,2021-08-02 20:31:52.831629,-78.6964820,35.7273244,50.0000000,1
425,2021-08-02 20:31:53.028889,-78.6964711,35.7273246,50.0000000,1
426,2021-08-02 20:31:53.243545,-78.6964593,35.7273248,50.0000000,1
427,2021-08-02 20:31:53.442602,-78.6964483,35.7273250,50.0000000,1
428,2021-08-02 20:31:53.640211,-78.6964373,35.7273252,49.9999374,1
429,2021-08-02 20:31:53.843324,-78.6964261,35.7273254,49.9993284,1
430,2021-08-02 20:31:54.029729,-78.6964158,35.7273256,49.9987695,1
431,2021-08-02 20:31:54.240214,-78.6964042,35.7273258,49.9981384,1
432,2021-08-02 20:31:54.430790,-78.6963937,35.7273260,49.9975669,1
433,2021-08-02 20:31:54.632753,-78.6963825,35.7273262,49.9970644,1
434,2021-08-02 20:31:54.831626,-78.6963717,35.7273264,49.9980584,1
435,2021-08-02 20:31:55.041120,-78.6963603,35.7273266,49.9991054,1
436,2021-08-02 20:31:55.238600,-78.6963496,35.7273268,50.0000924,1
437,2021-08-02 20:31:55.435407,-78.6963389,35.7273270,50.0010761,1
438,2021-08-02 20:31:55.636100,-78.6963281,35.7273272,50.0020316,1
439,2021-08-02 20:31:55.837297,-78.6963180,35.7273274,50.0024335,1
440,2021-08-02 20:31:56.040236,-78.6963078,35.7273275,50.0028389,1
441,2021-08-02 20:31:56.237831,-78.6962978,35.7273277,50.0032336,1
442,2021-08-02 20:31:56.454478,-78.6962869,35.7273279,50.0036663,1
443,2021-08-02 20:31:56.639363,-78.6962778,35.7273280,50.0040534,1
444,2021-08-02 20:31:56.837251,-78.6962695,35.7273280,50.0046464,1
445,2021-08-02 20:31:57.039001,-78.6962611,35.7273281,50.0052510,1
446,2021-08-02 20:31:57.246662,-78.6962525,35.7273281,50.0058732,1
447,2021-08-02 20:31:57.459646,-78.6962436,35.7273282,50.0065115,1
448,2021-08-02 20:31:57.654434,-78.6962359,35.7273282,50.0070317,1
449,2021-08-02 20:31:57.851410,-78.6962302,35.7273281,50.0072284,1
450,2021-08-02 20:31:58.050217,-78.6962244,35.7273281,50.0074269,1
451,2021-08-02 20:31:58.247627,-78.6962187,35.7273280,50.0076241,1
452,2021-08-02 20:31:58.443489,-78.6962130,35.7273280,50.0078196,1
453,2021-08-02 20:31:58.655867,-78.6962074,35.7273279,50.0080000,1
454,2021-08-02 20:31:58.851124,-78.6962049,35.7273277,50.0080000,1
455,2021-08-02 20:31:59.047647,-78.6962024,35.7273276,50.0080000,1
456,2021-08-02 20:31:59.259290,-78.6961997,35.7273275,50.0080000,1
457,2021-08-02 20:31:59.458858,-78.6961972,35.7273273,50.0080000,1
458,2021-08-02 20:31:59.653922,-78.6961951,35.7273272,50.0079428,1
459,2021-08-02 20:31:59.849548,-78.6961949,35.7273271,50.0075517,1
460,2021-08-02 20:32:00.049990,-78.6961948,35.7273270,50.0071510,1
461,2021-08-02 20:32:00.252348,-78.6961946,35.7273269,50.0067465,1
462,2021-08-02 20:32:00.454028,-78.6961944,35.7273269,50.0063433,1
463,2021-08-02 20:32:00.662436,-78.6961944,35.7273268,50.0058535,1
464,2021-08-02 20:32:00.859030,-78.6961949,35.7273269,50.0050678,1
465,2021-08-02 20:32:01.061760,-78.6961954,35.7273269,50.0042575,1
466,2021-08-02 20:32:01.257311,-78.6961959,35.7273270,50.0034759,1
467,2021-08-02 20:32:01.458622,-78.6961965,35.7273270,50.0026713,1
468,2021-08-02 20:32:01.668631,-78.6961970,35.7273271,50.0019160,1
469,2021-08-02 20:32:01.869230,-78.6961973,35.7273273,50.0015153,1
470,2021-08-02 20:32:02.069702,-78.6961977,35.7273275,50.0011148,1
471,2021-08-02 20:32:02.267585,-78.6961980,35.7273277,50.0007195,1
472,2021-08-02 20:32:02.461410,-78.6961983,35.7273279,50.0003323,1
473,2021-08-02 20:32:02.670317,-78.6961986,35.7273280,50.0000851,1
474,2021-08-02 20:32:02.873023,-78.6961986,35.7273282,50.0004901,1
475,2021-08-02 20:32:03.067471,-78.6961987,35.7273284,50.0008786,1
476,2021-08-02 20:32:03.266804,-78.6961987,35.7273285,50.0012769,1
477,2021-08-02 20:32:03.473374,-78.6961988,35.7273287,50.0016897,1
478,2021-08-02 20:32:03.663276,-78.6961988,35.7273288,50.0021038,1
479,2021-08-02 20:32:03.866426,-78.6961987,35.7273289,50.0027130,1
480,2021-08-02 20:32:04.073221,-78.6961987,35.7273290,50.0033332,1
481,2021-08-02 20:32:04.269739,-78.6961986,35.7273291,50.0039225,1
482,2021-08-02 20:32:04.467456,-78.6961985,35.7273292,50.0045154,1
483,2021-08-02 20:32:04.672649,-78.6961984,35.7273293,50.0049564,1
484,2021-08-02 20:32:04.865710,-78.6961980,35.7273291,50.0047636,1
485,2021-08-02 20:32:05.069056,-78.6961976,35.7273290,50.0045604,1
486,2021-08-02 20:32:05.272964,-78.6961972,35.7273288,50.0043567,1
487,2021-08-02 20:32:05.470102,-78.6961968,35.7273287,50.0041597,1
488,2021-08-02 20:32:05.681113,-78.6961961,35.7273284,50.0038978,1
489,2021-08-02 20:32:05.880520,-78.6961943,35.7273275,50.0034993,1
490,2021-08-02 20:32:06.077121,-78.6961927,35.7273266,50.0031064,1
491,2021-08-02 20:32:06.274565,-78.6961910,35.7273258,50.0027118,1
492,2021-08-02 20:32:06.485880,-78.6961891,35.7273248,50.0022894,1
493,2021-08-02 20:32:06.685290,-78.6961870,35.7273237,50.0017275,1
494,2021-08-02 20:32:06.879601,-78.6961840,35.7273220,50.0007575,1
495,2021-08-02 20:32:07.078282,-78.6961808,35.7273203,49.9997656,1
496,2021-08-02 20:32:07.276119,-78.6961777,35.7273186,49.9987780,1
497,2021-08-02 20:32:07.494135,-78.6961743,35.7273167,49.9976896,1
498,2021-08-02 20:32:07.675185,-78.6961711,35.7273150,49.9974718,1
499,2021-08-02 20:32:07.890791,-78.6961660,35.7273127,49.9998419,1
500,2021-08-02 20:32:08.089394,-78.6961613,35.7273105,50.0020252,1
501,2021-08-02 20:32:08.292960,-78.6961565,35.7273083,50.0042630,1
502,2021-08-02 20:32:08.497709,-78.6961517,35.7273061,50.0065138,1
503,2021-08-02 20:32:08.690000,-78.6961472,35.7273039,50.0081141,1
504,2021-08-02 20:32:08.890856,-78.6961425,35.7273014,50.0085154,1
505,2021-08-02 20:32:09.090963,-78.6961379,35.7272989,50.0089153,1
506,2021-08-02 20:32:09.291047,-78.6961333,35.7272964,50.0093151,1
507,2021-08-02 20:32:09.492821,-78.6961287,35.7272939,50.0097183,1
508,2021-08-02 20:32:09.694652,-78.6961245,35.7272915,50.0074475,1
509,2021-08-02 20:32:09.895017,-78.6961214,35.7272896,49.9990406,1
510,2021-08-02 20:32:10.097444,-78.6961183,35.7272877,49.9905472,1
511,2021-08-02 20:32:10.298147,-78.6961152,35.7272857,49.9821261,1
512,2021-08-02 20:32:10.493378,-78.6961122,35.7272839,49.9739346,1
513,2021-08-02 20:32:10.696136,-78.6961097,35.7272823,49.9278185,1
514,2021-08-02 20:32:10.891684,-78.6961088,35.7272815,49.7996741,1
515,2021-08-02 20:32:11.101310,-78.6961079,35.7272807,49.6623044,1
516,2021-08-02 20:32:11.302091,-78.6961069,35.7272799,49.5307310,1
517,2021-08-02 20:32:11.504110,-78.6961060,35.7272791,49.3983460,1
518,2021-08-02 20:32:11.702651,-78.6961055,35.7272786,49.2118728,1
519,2021-08-02 20:32:11.900856,-78.6961057,35.7272785,48.9146788,1
520,2021-08-02 20:32:12.098158,-78.6961059,35.7272784,48.6188390,1
521,2021-08-02 20:32:12.305304,-78.6961061,35.7272783,48.3082384,1
522,2021-08-02 20:32:12.507664,-78.6961064,35.7272783,48.0048144,1
523,2021-08-02 20:32:12.706138,-78.6961066,35.7272783,47.7028755,1
524,2021-08-02 20:32:12.901917,-78.6961070,35.7272784,47.3971557,1
525,2021-08-02 20:32:13.106373,-78.6961074,35.7272786,47.0778863,1
526,2021-08-02 20:32:13.304173,-78.6961078,35.7272788,46.7690108,1
527,2021-08-02 20:32:13.500496,-78.6961082,35.7272790,46.4624418,1
528,2021-08-02 20:32:13.701633,-78.6961086,35.7272792,46.1522842,1
529,2021-08-02 20:32:13.900097,-78.6961087,35.7272793,45.8547156,1
530,2021-08-02 20:32:14.097927,-78.6961089,35.7272795,45.5580972,1
531,2021-08-02 20:32:14.313950,-78.6961090,35.7272797,45.2342013,1
532,2021-08-02 20:32:14.515030,-78.6961092,35.7272799,44.9327106,1
533,2021-08-02 20:32:14.711906,-78.6961093,35.7272800,44.6377432,1
534,2021-08-02 20:32:14.908923,-78.6961092,35.7272801,44.3429444,1
535,2021-08-02 20:32:15.108050,-78.6961092,35.7272802,44.0449880,1
536,2021-08-02 20:32:15.315289,-78.6961091,35.7272803,43.7348940,1
537,2021-08-02 20:32:15.516881,-78.6961090,35.7272804,43.4332495,1
538,2021-08-02 20:32:15.717120,-78.6961090,35.7272804,43.1334779,1
539,2021-08-02 20:32:15.919095,-78.6961088,35.7272804,42.8308591,1
540,2021-08-02 20:32:16.104488,-78.6961087,35.7272804,42.5530855,1
541,2021-08-02 20:32:16.317988,-78.6961086,35.7272804,42.2331990,1
542,2021-08-02 20:32:16.521196,-78.6961085,35.7272804,41.9287330,1
543,2021-08-02 20:32:16.738693,-78.6961084,35.7272804,41.6030945,1
544,2021-08-02 20:32:16.915295,-78.6961083,35.7272804,41.3389212,1
545,2021-08-02 20:32:17.108934,-78.6961083,35.7272804,41.0492625,1
546,2021-08-02 20:32:17.308704,-78.6961082,35.7272803,40.7504328,1
547,2021-08-02 20:32:17.522694,-78.6961081,35.7272803,40.4303315,1
548,2021-08-02 20:32:17.726297,-78.6961081,35.7272803,40.1257191,1
549,2021-08-02 20:32:17.925037,-78.6961080,35.7272803,39.8283139,1
550,2021-08-02 20:32:18.114023,-78.6961080,35.7272803,39.5455051,1
551,2021-08-02 20:32:18.328415,-78.6961080,35.7272802,39.2246776,1
552,2021-08-02 20:32:18.528143,-78.6961079,35.7272802,38.9257939,1
553,2021-08-02 20:32:18.719457,-78.6961079,35.7272802,38.6395994,1
554,2021-08-02 20:32:18.918606,-78.6961079,35.7272802,38.3418390,1
555,2021-08-02 20:32:19.117572,-78.6961079,35.7272802,38.0443525,1
556,2021-08-02 20:32:19.331358,-78.6961080,35.7272802,37.7247078,1
557,2021-08-02 20:32:19.530132,-78.6961080,35.7272802,37.4275082,1
558,2021-08-02 20:32:19.733404,-78.6961080,35.7272802,37.1234378,1
559,2021-08-02 20:32:19.929481,-78.6961080,35.7272802,36.8299499,1
560,2021-08-02 20:32:20.130412,-78.6961080,35.7272802,36.5291967,1
561,2021-08-02 20:32:20.328254,-78.6961080,35.7272801,36.2330673,1
562,2021-08-02 20:32:20.526504,-78.6961080,35.7272801,35.9363270,1
563,2021-08-02 20:32:20.727668,-78.6961080,35.7272801,35.6352544,1
564,2021-08-02 20:32:20.925592,-78.6961080,35.7272801,35.3390725,1
565,2021-08-02 20:32:21.135131,-78.6961080,35.7272801,35.0255092,1
566,2021-08-02 20:32:21.334342,-78.6961080,35.7272801,34.7274010,1
567,2021-08-02 20:32:21.531085,-78.6961080,35.7272801,34.4329861,1
568,2021-08-02 20:32:21.731615,-78.6961080,35.7272801,34.1330212,1
569,2021-08-02 20:32:21.929442,-78.6961080,35.7272801,33.8372547,1
570,2021-08-02 20:32:22.126593,-78.6961080,35.7272801,33.5424985,1
571,2021-08-02 20:32:22.339034,-78.6961080,35.7272801,33.2248828,1
572,2021-08-02 20:32:22.538010,-78.6961080,35.7272801,32.9273986,1
573,2021-08-02 20:32:22.740214,-78.6961080,35.7272801,32.6247574,1
574,2021-08-02 20:32:22.939045,-78.6961080,35.7272801,32.3267833,1
575,2021-08-02 20:32:23.140959,-78.6961080,35.7272801,32.0241885,1
576,2021-08-02 20:32:23.337166,-78.6961081,35.7272800,31.7301464,1
577,2021-08-02 20:32:23.533187,-78.6961081,35.7272800,31.4363834,1
578,2021-08-02 20:32:23.738313,-78.6961081,35.7272800,31.1290491,1
579,2021-08-02 20:32:23.933228,-78.6961081,35.7272800,30.8371035,1
580,2021-08-02 20:32:24.134714,-78.6961081,35.7272800,30.5353160,1
581,2021-08-02 20:32:24.339248,-78.6961081,35.7272801,30.2289630,1
582,2021-08-02 20:32:24.534341,-78.6961081,35.7272801,29.9367506,1
583,2021-08-02 20:32:24.754304,-78.6961081,35.7272801,29.6072430,1
584,2021-08-02 20:32:24.950036,-78.6961081,35.7272801,29.3139896,1
585,2021-08-02 20:32:25.145639,-78.6961081,35.7272801,29.0209297,1
586,2021-08-02 20:32:25.340997,-78.6961081,35.7272801,28.7282367,1
587,2021-08-02 20:32:25.548963,-78.6961081,35.7272801,28.4166539,1
588,2021-08-02 20:32:25.740066,-78.6961081,35.7272801,28.1305317,1
589,2021-08-02 20:32:25.940604,-78.6961081,35.7272801,27.8305116,1
590,2021-08-02 20:32:26.152654,-78.6961081,35.7272801,27.5132686,1
591,2021-08-02 20:32:26.351312,-78.6961081,35.7272801,27.2160609,1
592,2021-08-02 20:32:26.554015,-78.6961081,35.7272801,26.9128017,1
593,2021-08-02 20:32:26.751601,-78.6961081,35.7272801,26.6171688,1
594,2021-08-02 20:32:26.954851,-78.6961081,35.7272801,26.3130333,1
595,2021-08-02 20:32:27.150195,-78.6961081,35.7272801,26.0207280,1
596,2021-08-02 20:32:27.353279,-78.6961082,35.7272801,25.7168404,1
597,2021-08-02 20:32:27.557278,-78.6961082,35.7272801,25.4115843,1
598,2021-08-02 20:32:27.754591,-78.6961082,35.7272801,25.1162182,1
599,2021-08-02 20:32:27.949703,-78.6961082,35.7272801,24.8240428,1
600,2021-08-02 20:32:28.163090,-78.6961082,35.7272800,24.5045010,1
601,2021-08-02 20:32:28.355030,-78.6961082,35.7272800,24.2170754,1
602,2021-08-02 20:32:28.551836,-78.6961082,35.7272800,23.9223633,1
603,2021-08-02 20:32:28.764241,-78.6961082,35.7272800,23.6042441,1
604,2021-08-02 20:32:28.964305,-78.6961082,35.7272800,23.3045670,1
605,2021-08-02 20:32:29.164528,-78.6961083,35.7272800,23.0046517,1
606,2021-08-02 20:32:29.363539,-78.6961083,35.7272800,22.7065517,1
607,2021-08-02 20:32:29.565178,-78.6961083,35.7272800,22.4045155,1
608,2021-08-02 20:32:29.760935,-78.6961083,35.7272800,22.1114602,1
609,2021-08-02 20:32:29.960286,-78.6961083,35.7272800,21.8131683,1
610,2021-08-02 20:32:30.159647,-78.6961082,35.7272800,21.5148611,1
611,2021-08-02 20:32:30.359002,-78.6961082,35.7272800,21.2165628,1
612,2021-08-02 20:32:30.556799,-78.6961082,35.7272800,20.9205963,1
613,2021-08-02 20:32:30.760977,-78.6961082,35.7272800,20.6149628,1
614,2021-08-02 20:32:30.968631,-78.6961082,35.7272800,20.3040165,1
615,2021-08-02 20:32:31.163920,-78.6961082,35.7272800,20.0115861,1
616,2021-08-02 20:32:31.365941,-78.6961082,35.7272800,19.7090746,1
617,2021-08-02 20:32:31.568044,-78.6961082,35.7272800,19.4064407,1
618,2021-08-02 20:32:31.774945,-78.6961082,35.7272800,19.0965049,1
619,2021-08-02 20:32:31.971783,-78.6961082,35.7272800,18.8015627,1
620,2021-08-02 20:32:32.171209,-78.6961083,35.7272801,18.5027421,1
621,2021-08-02 20:32:32.373303,-78.6961083,35.7272801,18.1999244,1
622,2021-08-02 20:32:32.572569,-78.6961083,35.7272801,17.9013439,1
623,2021-08-02 20:32:32.777980,-78.6961083,35.7272801,17.5933998,1
624,2021-08-02 20:32:32.976563,-78.6961083,35.7272801,17.2955878,1
625,2021-08-02 20:32:33.172621,-78.6961082,35.7272801,17.0015622,1
626,2021-08-02 20:32:33.368561,-78.6961082,35.7272801,16.7077136,1
627,2021-08-02 20:32:33.580399,-78.6961082,35.7272801,16.3900230,1
628,2021-08-02 20:32:33.782273,-78.6961082,35.7272801,16.0871452,1
629,2021-08-02 20:32:33.983019,-78.6961082,35.7272801,15.7858804,1
630,2021-08-02 20:32:34.181668,-78.6961083,35.7272801,15.4877628,1
631,2021-08-02 20:32:34.387580,-78.6961083,35.7272801,15.1787455,1
632,2021-08-02 20:32:34.582371,-78.6961083,35.7272801,14.8864175,1
633,2021-08-02 20:32:34.778434,-78.6961083,35.7272801,14.5923286,1
634,2021-08-02 20:32:34.978473,-78.6961083,35.7272801,14.2923707,1
635,2021-08-02 20:32:35.179631,-78.6961083,35.7272801,13.9907347,1
636,2021-08-02 20:32:35.380553,-78.6961083,35.7272801,13.6894526,1
637,2021-08-02 20:32:35.592812,-78.6961083,35.7272801,13.3711707,1
638,2021-08-02 20:32:35.780515,-78.6961083,35.7272801,13.0898342,1
639,2021-08-02 20:32:35.989919,-78.6961083,35.7272801,12.7760451,1
640,2021-08-02 20:32:36.182234,-78.6961084,35.7272800,12.4878635,1
641,2021-08-02 20:32:36.378378,-78.6961084,35.7272800,12.1939445,1
642,2021-08-02 20:32:36.594106,-78.6961084,35.7272800,11.8706790,1
643,2021-08-02 20:32:36.782549,-78.6961084,35.7272800,11.5990959,1
644,2021-08-02 20:32:36.987475,-78.6961084,35.7272800,11.3099664,1
645,2021-08-02 20:32:37.189447,-78.6961084,35.7272800,11.0250048,1
646,2021-08-02 20:32:37.389369,-78.6961084,35.7272800,10.7429354,1
647,2021-08-02 20:32:37.590267,-78.6961084,35.7272800,10.4594892,1
648,2021-08-02 20:32:37.798591,-78.6961084,35.7272800,10.2607972,1
649,2021-08-02 20:32:37.986757,-78.6961084,35.7272800,10.1246793,1
650,2021-08-02 20:32:38.196954,-78.6961084,35.7272800,9.9726244,1
651,2021-08-02 20:32:38.394553,-78.6961084,35.7272800,9.8296828,1
652,2021-08-02 20:32:38.596510,-78.6961084,35.7272800,9.6835887,1
653,2021-08-02 20:32:38.789302,-78.6961084,35.7272800,9.5831165,1
654,2021-08-02 20:32:38.990034,-78.6961084,35.7272800,9.4988716,1
655,2021-08-02 20:32:39.193980,-78.6961084,35.7272801,9.4132779,1
656,2021-08-02 20:32:39.397041,-78.6961084,35.7272801,9.3280554,1
657,2021-08-02 20:32:39.598457,-78.6961084,35.7272801,9.2435234,1
658,2021-08-02 20:32:39.805743,-78.6961084,35.7272801,9.1461624,1
659,2021-08-02 20:32:40.000902,-78.6961084,35.7272801,9.0502169,1
660,2021-08-02 20:32:40.200006,-78.6961084,35.7272801,8.9523319,1
661,2021-08-02 20:32:40.397373,-78.6961084,35.7272801,8.8553009,1
662,2021-08-02 20:32:40.606072,-78.6961084,35.7272801,8.7526987,1
663,2021-08-02 20:32:40.797164,-78.6961084,35.7272801,8.6570495,1
664,2021-08-02 20:32:41.006275,-78.6961084,35.7272801,8.5516018,1
665,2021-08-02 20:32:41.198746,-78.6961084,35.7272801,8.4545451,1
666,2021-08-02 20:32:41.399229,-78.6961084,35.7272801,8.3534481,1
667,2021-08-02 20:32:41.609002,-78.6961084,35.7272801,8.2476665,1
668,2021-08-02 20:32:41.797084,-78.6961084,35.7272801,8.1530363,1
669,2021-08-02 20:32:42.008319,-78.6961084,35.7272801,8.0468558,1
670,2021-08-02 20:32:42.210297,-78.6961084,35.7272800,7.9453283,1
671,2021-08-02 20:32:42.400520,-78.6961084,35.7272800,7.8497097,1
672,2021-08-02 20:32:42.599098,-78.6961084,35.7272800,7.7498914,1
673,2021-08-02 20:32:42.806076,-78.6961084,35.7272800,7.6459709,1
674,2021-08-02 20:32:43.001113,-78.6961084,35.7272800,7.5480982,1
675,2021-08-02 20:32:43.199597,-78.6961084,35.7272800,7.4484957,1
676,2021-08-02 20:32:43.413872,-78.6961084,35.7272800,7.3409689,1
677,2021-08-02 20:32:43.609586,-78.6961084,35.7272800,7.2427564,1
678,2021-08-02 20:32:43.816468,-78.6961084,35.7272800,7.1389880,1
679,2021-08-02 20:32:44.015754,-78.6961084,35.7272800,7.0390466,1
680,2021-08-02 20:32:44.203805,-78.6961084,35.7272800,6.9447395,1
681,2021-08-02 20:32:44.408480,-78.6961084,35.7272800,6.8420955,1
682,2021-08-02 20:32:44.609362,-78.6961084,35.7272800,6.7413537,1
683,2021-08-02 20:32:44.804718,-78.6961084,35.7272800,6.6433814,1
684,2021-08-02 20:32:45.014766,-78.6961084,35.7272800,6.5380402,1
685,2021-08-02 20:32:45.209170,-78.6961085,35.7272800,6.4405446,1
686,2021-08-02 20:32:45.406087,-78.6961085,35.7272800,6.3417888,1
687,2021-08-02 20:32:45.617030,-78.6961085,35.7272800,6.2359988,1
688,2021-08-02 20:32:45.818139,-78.6961085,35.7272800,6.1352773,1
689,2021-08-02 20:32:46.014184,-78.6961085,35.7272800,6.0371360,1
690,2021-08-02 20:32:46.214888,-78.6961085,35.7272800,5.9366624,1
691,2021-08-02 20:32:46.413960,-78.6961085,35.7272800,5.8370058,1
692,2021-08-02 20:32:46.613420,-78.6961085,35.7272800,5.7371549,1
693,2021-08-02 20:32:46.820295,-78.6961085,35.7272800,5.6336262,1
694,2021-08-02 20:32:47.015934,-78.6961085,35.7272800,5.5357321,1
695,2021-08-02 20:32:47.212583,-78.6961085,35.7272801,5.4373326,1
696,2021-08-02 20:32:47.422950,-78.6961085,35.7272801,5.3320688,1
697,2021-08-02 20:32:47.623743,-78.6961085,35.7272801,5.2315957,1
698,2021-08-02 20:32:47.816297,-78.6961085,35.7272801,5.1352444,1
699,2021-08-02 20:32:48.016971,-78.6961085,35.7272801,5.0348296,1
700,2021-08-02 20:32:48.213050,-78.6961086,35.7272801,4.9367142,1
701,2021-08-02 20:32:48.425524,-78.6961086,35.7272801,4.8303948,1
702,2021-08-02 20:32:48.621623,-78.6961086,35.7272801,4.7322693,1
703,2021-08-02 20:32:48.821760,-78.6961086,35.7272801,4.6321469,1
704,2021-08-02 20:32:49.018794,-78.6961086,35.7272801,4.5335842,1
705,2021-08-02 20:32:49.216796,-78.6961085,35.7272801,4.4345374,1
706,2021-08-02 20:32:49.431616,-78.6961085,35.7272801,4.3270776,1
707,2021-08-02 20:32:49.629631,-78.6961085,35.7272801,4.2280242,1
708,2021-08-02 20:32:49.833837,-78.6961085,35.7272801,4.1256485,1
709,2021-08-02 20:32:50.029988,-78.6961085,35.7272801,4.0272550,1
710,2021-08-02 20:32:50.227439,-78.6961085,35.7272801,3.9282095,1
711,2021-08-02 20:32:50.430350,-78.6961085,35.7272801,3.8264249,1
712,2021-08-02 20:32:50.627921,-78.6961085,35.7272801,3.7273191,1
713,2021-08-02 20:32:50.834177,-78.6961085,35.7272801,3.6242105,1
714,2021-08-02 20:32:51.031172,-78.6961085,35.7272801,3.5258245,1
715,2021-08-02 20:32:51.229649,-78.6961085,35.7272801,3.4266983,1
716,2021-08-02 20:32:51.429987,-78.6961085,35.7272801,3.3266427,1
717,2021-08-02 20:32:51.624079,-78.6961085,35.7272801,3.2297065,1
718,2021-08-02 20:32:51.832091,-78.6961085,35.7272801,3.1257789,1
719,2021-08-02 20:32:52.043243,-78.6961085,35.7272801,3.0202702,1
720,2021-08-02 20:32:52.234758,-78.6961085,35.7272800,2.9245737,1
721,2021-08-02 20:32:52.430665,-78.6961085,35.7272800,2.8266825,1
722,2021-08-02 20:32:52.628786,-78.6961085,35.7272800,2.7276850,1
723,2021-08-02 20:32:52.841294,-78.6961085,35.7272800,2.6213181,1
724,2021-08-02 20:32:53.030096,-78.6961085,35.7272800,2.5267732,1
725,2021-08-02 20:32:53.231396,-78.6961086,35.7272800,2.4259698,1
726,2021-08-02 20:32:53.444085,-78.6961086,35.7272800,2.3194633,1
727,2021-08-02 20:32:53.643774,-78.6961086,35.7272800,2.2194665,1
728,2021-08-02 20:32:53.836641,-78.6961086,35.7272800,2.1227282,1
729,2021-08-02 20:32:54.047186,-78.6961086,35.7272800,2.0170901,1
730,2021-08-02 20:32:54.235987,-78.6961086,35.7272800,1.9223617,1
731,2021-08-02 20:32:54.435171,-78.6961086,35.7272800,1.8224238,1
732,2021-08-02 20:32:54.643032,-78.6961086,35.7272800,1.7181323,1
733,2021-08-02 20:32:54.849082,-78.6961086,35.7272800,1.6149358,1
734,2021-08-02 20:32:55.043847,-78.6961086,35.7272800,1.5174238,1
735,2021-08-02 20:32:55.250691,-78.6961086,35.7272801,1.4138643,1
736,2021-08-02 20:32:55.449963,-78.6961086,35.7272801,1.3140957,1
737,2021-08-02 20:32:55.649990,-78.6961086,35.7272801,1.2139491,1
738,2021-08-02 20:32:55.848028,-78.6961086,35.7272801,1.1149574,1
739,2021-08-02 20:32:56.048681,-78.6961086,35.7272801,1.0146826,1
740,2021-08-02 20:32:56.242431,-78.6961086,35.7272801,0.9178576,1
741,2021-08-02 20:32:56.451097,-78.6961086,35.7272801,0.8135784,1
742,2021-08-02 20:32:56.647530,-78.6961086,35.7272801,0.7154125,1
743,2021-08-02 20:32:56.849632,-78.6961086,35.7272801,0.6144047,1
744,2021-08-02 20:32:57.050160,-78.6961086,35.7272801,0.5141822,1
745,2021-08-02 20:32:57.258112,-78.6961086,35.7272801,0.4102491,1
746,2021-08-02 20:32:57.458827,-78.6961086,35.7272801,0.3099330,1
747,2021-08-02 20:32:57.660037,-78.6961086,35.7272801,0.2093696,1
748,2021-08-02 20:32:57.851461,-78.6961086,35.7272801,0.1716992,1
749,2021-08-02 20:32:58.064233,-78.6961086,35.7272801,0.1360083,1
750,2021-08-02 20:32:58.258767,-78.6961086,35.7272800,0.1033768,1
751,2021-08-02 20:32:58.451057,-78.6961086,35.7272800,0.0711216,1
752,2021-08-02 20:32:58.653252,-78.6961086,35.7272800,0.0372050,1
753,2021-08-02 20:32:58.860698,-78.6961086,35.7272800,0.0300844,1
754,2021-08-02 20:32:59.056407,-78.6961086,35.7272800,0.0269558,1
755,2021-08-02 20:32:59.261862,-78.6961086,35.7272801,0.0236713,1
756,2021-08-02 20:32:59.458400,-78.6961086,35.7272801,0.0205294,1
757,2021-08-02 20:32:59.659577,-78.6961086,35.7272801,0.0173133,1
758,2021-08-02 20:30:56.167410,-78.6978162,35.7272800,49.9998040,0
759,2021-08-02 20:30:56.371910,-78.6978275,35.7272800,49.9993953,0
760,2021-08-02 20:30:56.576420,-78.6978389,35.7272800,49.9989933,0
761,2021-08-02 20:30:56.780930,-78.6978502,35.7272800,49.9987890,0
762,2021-08-02 20:30:56.985430,-78.6978615,35.7272800,49.9985847,0
763,2021-08-02 20:30:57.189940,-78.6978728,35.7272801,49.9983803,0
764,2021-08-02 20:30:57.394450,-78.6978841,35.7272801,49.9981760,0
765,2021-08-02 20:30:57.598950,-78.6978954,35.7272801,49.9980284,0
766,2021-08-02 20:30:57.803460,-78.6979067,35.7272801,49.9982327,0
767,2021-08-02 20:30:58.007963,-78.6979180,35.7272801,49.9984370,0
768,2021-08-02 20:30:58.212470,-78.6979293,35.7272802,49.9986413,0
769,2021-08-02 20:30:58.416980,-78.6979407,35.7272802,49.9988457,0
770,2021-08-02 20:30:58.621480,-78.6979520,35.7272802,49.9990500,0
771,2021-08-02 20:30:58.825990,-78.6979633,35.7272802,49.9992543,0
772,2021-08-02 20:30:59.030494,-78.6979746,35.7272802,49.9994587,0
773,2021-08-02 20:30:59.235000,-78.6979859,35.7272803,49.9996630,0
774,2021-08-02 20:30:59.439510,-78.6979972,35.7272803,49.9998673,0
775,2021-08-02 20:30:59.644010,-78.6980085,35.7272803,49.9999284,0
776,2021-08-02 20:30:59.848520,-78.6980198,35.7272803,49.9997239,0
777,2021-08-02 20:31:00.053025,-78.6980312,35.7272803,49.9995195,0
778,2021-08-02 20:31:00.257530,-78.6980425,35.7272804,49.9993151,0
779,2021-08-02 20:31:00.462040,-78.6980539,35.7272804,49.9991107,0
780,2021-08-02 20:31:00.666540,-78.6980652,35.7272804,49.9988126,0
781,2021-08-02 20:31:00.871050,-78.6980765,35.7272804,49.9984038,0
782,2021-08-02 20:31:01.075556,-78.6980878,35.7272805,49.9979949,0
783,2021-08-02 20:31:01.280060,-78.6980991,35.7272805,49.9975861,0
784,2021-08-02 20:31:01.484570,-78.6981104,35.7272805,49.9971773,0
785,2021-08-02 20:31:01.689070,-78.6981217,35.7272805,49.9968843,0
786,2021-08-02 20:31:01.893580,-78.6981330,35.7272805,49.9966800,0
787,2021-08-02 20:31:02.098086,-78.6981443,35.7272806,49.9964756,0
788,2021-08-02 20:31:02.302590,-78.6981557,35.7272806,49.9962713,0
789,2021-08-02 20:31:02.507100,-78.6981670,35.7272806,49.9960670,0
790,2021-08-02 20:31:02.711600,-78.6981783,35.7272806,49.9957252,0
791,2021-08-02 20:31:02.916110,-78.6981897,35.7272806,49.9953164,0
792,2021-08-02 20:31:03.120620,-78.6982010,35.7272807,49.9949076,0
793,2021-08-02 20:31:03.325120,-78.6982124,35.7272807,49.9944988,0
794,2021-08-02 20:31:03.529630,-78.6982237,35.7272807,49.9940900,0
795,2021-08-02 20:31:03.734140,-78.6982350,35.7272807,49.9940000,0
796,2021-08-02 20:31:03.938640,-78.6982463,35.7272807,49.9940000,0
797,2021-08-02 20:31:04.143150,-78.6982576,35.7272808,49.9940000,0
798,2021-08-02 20:31:04.347650,-78.6982690,35.7272808,49.9940000,0
799,2021-08-02 20:31:04.552160,-78.6982803,35.7272808,49.9940000,0
800,2021-08-02 20:31:04.756670,-78.6982916,35.7272808,49.9940000,0
801,2021-08-02 20:31:04.961170,-78.6983029,35.7272808,49.9940000,0
802,2021-08-02 20:31:05.165680,-78.6983142,35.7272808,49.9940000,0
803,2021-08-02 20:31:05.370180,-78.6983256,35.7272808,49.9940000,0
804,2021-08-02 20:31:05.574690,-78.6983369,35.7272808,49.9940000,0
805,2021-08-02 20:31:05.779200,-78.6983480,35.7272808,49.9946057,0
806,2021-08-02 20:31:05.983700,-78.6983591,35.7272808,49.9952183,0
807,2021-08-02 20:31:06.188210,-78.6983703,35.7272809,49.9958310,0
808,2021-08-02 20:31:06.392720,-78.6983814,35.7272809,49.9964436,0
809,2021-08-02 20:31:06.597220,-78.6983924,35.7272809,49.9970751,0
810,2021-08-02 20:31:06.801730,-78.6984027,35.7272810,49.9978924,0
811,2021-08-02 20:31:07.006233,-78.6984130,35.7272810,49.9987096,0
812,2021-08-02 20:31:07.210740,-78.6984232,35.7272811,49.9995269,0
813,2021-08-02 20:31:07.415250,-78.6984335,35.7272812,50.0003442,0
814,2021-08-02 20:31:07.619750,-78.6984434,35.7272812,50.0011211,0
815,2021-08-02 20:31:07.824260,-78.6984518,35.7272814,50.0017341,0
816,2021-08-02 20:31:08.028765,-78.6984602,35.7272816,50.0023471,0
817,2021-08-02 20:31:08.233270,-78.6984686,35.7272818,50.0029600,0
818,2021-08-02 20:31:08.437780,-78.6984770,35.7272820,50.0035730,0
819,2021-08-02 20:31:08.642280,-78.6984845,35.7272822,50.0043092,0
820,2021-08-02 20:31:08.846790,-78.6984901,35.7272825,50.0053282,0
821,2021-08-02 20:31:09.051295,-78.6984958,35.7272828,50.0063472,0
822,2021-08-02 20:31:09.255800,-78.6985014,35.7272830,50.0073663,0
823,2021-08-02 20:31:09.460310,-78.6985070,35.7272833,50.0083853,0
824,2021-08-02 20:31:09.664810,-78.6985112,35.7272836,50.0095674,0
825,2021-08-02 20:31:09.869320,-78.6985133,35.7272838,50.0109973,0
826,2021-08-02 20:31:10.073826,-78.6985154,35.7272841,50.0124272,0
827,2021-08-02 20:31:10.278330,-78.6985175,35.7272843,50.0138571,0
828,2021-08-02 20:31:10.482840,-78.6985197,35.7272846,50.0152871,0
829,2021-08-02 20:31:10.687340,-78.6985207,35.7272848,50.0163073,0
830,2021-08-02 20:31:10.891850,-78.6985207,35.7272849,50.0169202,0
831,2021-08-02 20:31:11.096357,-78.6985206,35.7272850,50.0175331,0
832,2021-08-02 20:31:11.300860,-78.6985206,35.7272851,50.0181460,0
833,2021-08-02 20:31:11.505370,-78.6985206,35.7272852,50.0187589,0
834,2021-08-02 20:31:11.709880,-78.6985203,35.7272851,50.0186279,0
835,2021-08-02 20:31:11.914380,-78.6985197,35.7272850,50.0180146,0
836,2021-08-02 20:31:12.118890,-78.6985192,35.7272848,50.0174013,0
837,2021-08-02 20:31:12.323390,-78.6985187,35.7272847,50.0167880,0
838,2021-08-02 20:31:12.527900,-78.6985182,35.7272845,50.0161747,0
839,2021-08-02 20:31:12.732410,-78.6985170,35.7272843,50.0157076,0
840,2021-08-02 20:31:12.936910,-78.6985157,35.7272840,50.0152987,0
841,2021-08-02 20:31:13.141420,-78.6985143,35.7272838,50.0148899,0
842,2021-08-02 20:31:13.345920,-78.6985130,35.7272835,50.0144810,0
843,2021-08-02 20:31:13.550430,-78.6985116,35.7272832,50.0140722,0
844,2021-08-02 20:31:13.754940,-78.6985089,35.7272830,50.0129899,0
845,2021-08-02 20:31:13.959440,-78.6985058,35.7272827,50.0117634,0
846,2021-08-02 20:31:14.163950,-78.6985027,35.7272824,50.0105369,0
847,2021-08-02 20:31:14.368460,-78.6984997,35.7272822,50.0093104,0
848,2021-08-02 20:31:14.572960,-78.6984966,35.7272819,50.0080839,0
849,2021-08-02 20:31:14.777470,-78.6984916,35.7272818,50.0091421,0
850,2021-08-02 20:31:14.981970,-78.6984865,35.7272817,50.0103679,0
851,2021-08-02 20:31:15.186480,-78.6984814,35.7272817,50.0115938,0
852,2021-08-02 20:31:15.390990,-78.6984763,35.7272816,50.0128197,0
853,2021-08-02 20:31:15.595490,-78.6984711,35.7272815,50.0140380,0
854,2021-08-02 20:31:15.800000,-78.6984642,35.7272816,50.0150592,0
855,2021-08-02 20:31:16.004504,-78.6984573,35.7272817,50.0160805,0
856,2021-08-02 20:31:16.209010,-78.6984504,35.7272818,50.0171017,0
857,2021-08-02 20:31:16.413520,-78.6984434,35.7272819,50.0181229,0
858,2021-08-02 20:31:16.618020,-78.6984363,35.7272821,50.0189711,0
859,2021-08-02 20:31:16.822530,-78.6984281,35.7272826,50.0187668,0
860,2021-08-02 20:31:17.027035,-78.6984199,35.7272831,50.0185624,0
861,2021-08-02 20:31:17.231540,-78.6984117,35.7272836,50.0183580,0
862,2021-08-02 20:31:17.436050,-78.6984035,35.7272841,50.0181536,0
863,2021-08-02 20:31:17.640550,-78.6983950,35.7272846,50.0180507,0
864,2021-08-02 20:31:17.845060,-78.6983860,35.7272849,50.0182550,0
865,2021-08-02 20:31:18.049566,-78.6983769,35.7272852,50.0184592,0
866,2021-08-02 20:31:18.254070,-78.6983678,35.7272856,50.0186635,0
867,2021-08-02 20:31:18.458580,-78.6983588,35.7272859,50.0188677,0
868,2021-08-02 20:31:18.663080,-78.6983495,35.7272862,50.0187118,0
869,2021-08-02 20:31:18.867590,-78.6983397,35.7272865,50.0178940,0
870,2021-08-02 20:31:19.072097,-78.6983300,35.7272867,50.0170762,0
871,2021-08-02 20:31:19.276600,-78.6983203,35.7272870,50.0162584,0
872,2021-08-02 20:31:19.481110,-78.6983105,35.7272873,50.0154407,0
873,2021-08-02 20:31:19.685620,-78.6983006,35.7272875,50.0146231,0
874,2021-08-02 20:31:19.890120,-78.6982904,35.7272878,50.0138058,0
875,2021-08-02 20:31:20.094627,-78.6982802,35.7272880,50.0129884,0
876,2021-08-02 20:31:20.299130,-78.6982700,35.7272882,50.0121711,0
877,2021-08-02 20:31:20.503640,-78.6982598,35.7272885,50.0113537,0
878,2021-08-02 20:31:20.708150,-78.6982494,35.7272888,50.0105365,0
879,2021-08-02 20:31:20.912650,-78.6982388,35.7272890,50.0097193,0
880,2021-08-02 20:31:21.117160,-78.6982282,35.7272893,50.0089021,0
881,2021-08-02 20:31:21.321660,-78.6982176,35.7272895,50.0080849,0
882,2021-08-02 20:31:21.526170,-78.6982071,35.7272898,50.0072677,0
883,2021-08-02 20:31:21.730680,-78.6981963,35.7272901,50.0067252,0
884,2021-08-02 20:31:21.935180,-78.6981855,35.7272903,50.0063165,0
885,2021-08-02 20:31:22.139690,-78.6981746,35.7272906,50.0059079,0
886,2021-08-02 20:31:22.344190,-78.6981638,35.7272909,50.0054992,0
887,2021-08-02 20:31:22.548700,-78.6981529,35.7272911,50.0050905,0
888,2021-08-02 20:31:22.753210,-78.6981419,35.7272914,50.0043634,0
889,2021-08-02 20:31:22.957710,-78.6981308,35.7272917,50.0035458,0
890,2021-08-02 20:31:23.162220,-78.6981197,35.7272921,50.0027281,0
891,2021-08-02 20:31:23.366730,-78.6981086,35.7272924,50.0019104,0
892,2021-08-02 20:31:23.571230,-78.6980976,35.7272927,50.0010927,0
893,2021-08-02 20:31:23.775740,-78.6980864,35.7272930,50.0011811,0
894,2021-08-02 20:31:23.980240,-78.6980752,35.7272932,50.0013854,0
895,2021-08-02 20:31:24.184750,-78.6980640,35.7272935,50.0015898,0
896,2021-08-02 20:31:24.389260,-78.6980528,35.7272938,50.0017941,0
897,2021-08-02 20:31:24.593760,-78.6980416,35.7272941,50.0019984,0
898,2021-08-02 20:31:24.798270,-78.6980303,35.7272944,50.0022027,0
899,2021-08-02 20:31:25.002774,-78.6980190,35.7272946,50.0024070,0
900,2021-08-02 20:31:25.207280,-78.6980077,35.7272949,50.0026114,0
901,2021-08-02 20:31:25.411790,-78.6979964,35.7272952,50.0028157,0
902,2021-08-02 20:31:25.616290,-78.6979851,35.7272954,50.0030000,0
903,2021-08-02 20:31:25.820800,-78.6979737,35.7272957,50.0030000,0
904,2021-08-02 20:31:26.025306,-78.6979624,35.7272960,50.0030000,0
905,2021-08-02 20:31:26.229810,-78.6979511,35.7272962,50.0030000,0
906,2021-08-02 20:31:26.434320,-78.6979397,35.7272965,50.0030000,0
907,2021-08-02 20:31:26.638820,-78.6979284,35.7272968,50.0030000,0
908,2021-08-02 20:31:26.843330,-78.6979171,35.7272970,50.0030000,0
909,2021-08-02 20:31:27.047836,-78.6979057,35.7272972,50.0030000,0
910,2021-08-02 20:31:27.252340,-78.6978944,35.7272975,50.0030000,0
911,2021-08-02 20:31:27.456850,-78.6978831,35.7272977,50.0030000,0
912,2021-08-02 20:31:27.661350,-78.6978718,35.7272980,50.0029363,0
913,2021-08-02 20:31:27.865860,-78.6978604,35.7272982,50.0027318,0
914,2021-08-02 20:31:28.070367,-78.6978491,35.7272985,50.0025274,0
915,2021-08-02 20:31:28.274870,-78.6978377,35.7272987,50.0023229,0
916,2021-08-02 20:31:28.479380,-78.6978264,35.7272990,50.0021185,0
917,2021-08-02 20:31:28.683890,-78.6978150,35.7272992,50.0019141,0
918,2021-08-02 20:31:28.888390,-78.6978037,35.7272994,50.0017097,0
919,2021-08-02 20:31:29.092898,-78.6977923,35.7272996,50.0015053,0
920,2021-08-02 20:31:29.297400,-78.6977810,35.7272999,50.0013009,0
921,2021-08-02 20:31:29.501910,-78.6977697,35.7273001,50.0010965,0
922,2021-08-02 20:31:29.706420,-78.6977583,35.7273003,50.0008922,0
923,2021-08-02 20:31:29.910920,-78.6977470,35.7273005,50.0006878,0
924,2021-08-02 20:31:30.115430,-78.6977357,35.7273007,50.0004834,0
925,2021-08-02 20:31:30.319930,-78.6977244,35.7273009,50.0002791,0
926,2021-08-02 20:31:30.524440,-78.6977131,35.7273011,50.0000747,0
927,2021-08-02 20:31:30.728950,-78.6977018,35.7273013,50.0000000,0
928,2021-08-02 20:31:30.933450,-78.6976905,35.7273016,50.0000000,0
929,2021-08-02 20:31:31.137960,-78.6976792,35.7273018,50.0000000,0
930,2021-08-02 20:31:31.342470,-78.6976679,35.7273020,50.0000000,0
931,2021-08-02 20:31:31.546970,-78.6976566,35.7273022,50.0000000,0
932,2021-08-02 20:31:31.751480,-78.6976453,35.7273025,49.9995467,0
933,2021-08-02 20:31:31.955980,-78.6976340,35.7273027,49.9989335,0
934,2021-08-02 20:31:32.160490,-78.6976227,35.7273029,49.9983202,0
935,2021-08-02 20:31:32.365000,-78.6976114,35.7273031,49.9977069,0
